{"cameraMode":{"drawMode":0,"name":"Shaded","section":"Shading Mode"},"sceneLighting":false,"audioPlay":false,"sceneViewState":{"showFog":true,"showMaterialUpdate":false,"showSkybox":true,"showFlares":true,"showImageEffects":true,"showParticleSystems":true},"in2DMode":false,"pivot":{"x":0.0,"y":0.550000011920929,"z":-1.8299999237060547},"rotation":{"x":0.12090246379375458,"y":-0.8599130511283875,"z":0.2393786460161209,"w":0.43431565165519717},"size":2.3392786979675295,"orthographic":false}